排名,影院名称,票房,场次,省份,人次,城市,票价
1,遂川县百线国际影城,62569.99,17,江西省,1784,吉安市,35
2,CGV影城 北京清河店,47902.6,38,北京市,844,北京市,57
3,武汉市梦时代摩尔电影城,47205.02,83,湖北省,1314,武汉市,36
4,SFC上影影城（港汇恒隆永华店）,46590.53,65,上海市,619,上海市,75
5,北京石景山万达广场店,46552.45,55,北京市,825,北京市,56
6,英皇电影城-北京英皇中心,45959.49,49,北京市,638,北京市,72
7,深圳百老汇电影中心万象天地店,44761.05,54,广东省,798,深圳市,56
8,首都电影院西单店,44627.09,62,北京市,654,北京市,68
9,上海百丽宫影城环贸iapm店,44034.67,28,上海市,461,上海市,96
10,广州飞扬影城（正佳分店）,43934.95,53,广东省,781,广州市,56
11,北京天幕新彩云影城,43432.74,40,北京市,1028,北京市,42
12,金逸北京大悦城IMAX店,41112.93,43,北京市,636,北京市,65
13,北京嘉华国际影城,40181.37,42,北京市,784,北京市,51
14,北京寰映合生汇店,39799.76,53,北京市,616,北京市,65
15,保利万和国际影城（北京苹果园店）,39361.4,37,北京市,793,北京市,50
16,北京美嘉欢乐影城（三里屯店）,38830.02,34,北京市,632,北京市,61
17,UME影城（北京双井店）,38420.27,43,北京市,699,北京市,55
18,南昌市中影数字国际影城,38096.05,72,江西省,1162,南昌市,33
19,厦门万达影城SM广场店,37131.22,65,福建省,1035,厦门市,36
20,北京英嘉国际影城（金源NEW CINITY店）,36287.11,57,北京市,522,北京市,70
1,遂川县百线国际影城,62569.99,17,江西省,1784,吉安市,35
2,CGV影城 北京清河店,47902.6,38,北京市,844,北京市,57
3,武汉市梦时代摩尔电影城,47205.02,83,湖北省,1314,武汉市,36
4,SFC上影影城（港汇恒隆永华店）,46590.53,65,上海市,619,上海市,75
5,北京石景山万达广场店,46552.45,55,北京市,825,北京市,56
6,英皇电影城-北京英皇中心,45959.49,49,北京市,638,北京市,72
7,深圳百老汇电影中心万象天地店,44761.05,54,广东省,798,深圳市,56
8,首都电影院西单店,44627.09,62,北京市,654,北京市,68
9,上海百丽宫影城环贸iapm店,44034.67,28,上海市,461,上海市,96
10,广州飞扬影城（正佳分店）,43934.95,53,广东省,781,广州市,56
11,北京天幕新彩云影城,43432.74,40,北京市,1028,北京市,42
12,金逸北京大悦城IMAX店,41112.93,43,北京市,636,北京市,65
13,北京嘉华国际影城,40181.37,42,北京市,784,北京市,51
14,北京寰映合生汇店,39799.76,53,北京市,616,北京市,65
15,保利万和国际影城（北京苹果园店）,39361.4,37,北京市,793,北京市,50
16,北京美嘉欢乐影城（三里屯店）,38830.02,34,北京市,632,北京市,61
17,UME影城（北京双井店）,38420.27,43,北京市,699,北京市,55
18,南昌市中影数字国际影城,38096.05,72,江西省,1162,南昌市,33
19,厦门万达影城SM广场店,37131.22,65,福建省,1035,厦门市,36
20,北京英嘉国际影城（金源NEW CINITY店）,36287.11,57,北京市,522,北京市,70
21,UME影城（北京华星店）,35087.01,42,北京市,438,北京市,80
22,海上明珠国际影城上海环球港店,34791.04,30,上海市,352,上海市,99
23,金逸天津大悦城IMAX店,34687.98,56,天津市,857,天津市,40
24,南京新街口国际影城,34664.1,44,江苏省,870,南京市,40
25,武商摩尔国际电影城,34597.0,96,湖北省,1194,武汉市,29
26,北京华联影城（回龙观店）,34083.05,37,北京市,772,北京市,44
27,上海五角场万达广场店,34062.25,36,上海市,721,上海市,47
28,北京百丽宫影城金宝汇店,33663.99,24,北京市,681,北京市,49
29,吉安峡江星河影城,33575.0,14,江西省,959,吉安市,35
30,武汉博纳国际电影城,33426.62,51,湖北省,1088,武汉市,31
31,宁波影都,33245.03,38,浙江省,1127,宁波市,29
32,太原博纳国际影城,32446.32,60,山西省,803,太原市,40
33,北京博纳国际影城土桥店,32310.48,45,北京市,681,北京市,47
34,丰台恒业国际影城六里桥店,32153.97,45,北京市,692,北京市,46
35,CGV影城 北京顺义店,32147.76,36,北京市,674,北京市,48
36,兰州中心空间站IMAX影城,32022.02,58,甘肃省,737,兰州市,43
37,共青城中影星河影城,31800.0,26,江西省,795,九江市,40
38,新影联华谊兄弟影院(望京华彩店),31703.1,89,北京市,671,北京市,47
39,太原龙湖万达广场店,31633.32,74,山西省,800,太原市,40
40,西安高新万达广场店,31590.09,88,陕西省,760,西安市,42
41,北京万达影城天通苑龙德广场店,31548.93,48,北京市,554,北京市,57
42,博纳国际影城秦皇岛茂业IMAX店,31505.09,60,河北省,835,秦皇岛市,38
43,上海市天文馆球幕影院,31464.0,5,上海市,855,上海市,37
44,深圳市CINESKY新天影院(壹方天地IMAX店),31371.63,85,广东省,600,深圳市,52
45,湘潭华纳兄弟影城,31135.0,25,湖南省,799,湘潭市,39
46,景德镇光明电影院,30929.99,22,江西省,787,景德镇市,39
47,北京通州万达广场店,30584.78,74,北京市,532,北京市,57
48,CGV影城 东莞国贸店,30425.34,58,广东省,575,东莞市,53
49,鄂州市杜比国际影城,30280.0,44,湖北省,757,鄂州市,40
50,北京市金泉港国际影城,29957.14,77,北京市,541,北京市,55
51,太原市万象影城IMAX店,29941.84,33,山西省,544,太原市,55
52,首都电影院昌平店,29732.52,44,北京市,588,北京市,51
53,惠州万达影城金山湖店,29291.45,45,广东省,832,惠州市,35
54,广州市捷登都会飞扬影城,29053.65,83,广东省,671,广州市,43
55,长春红旗街万达广场店,28765.17,41,吉林省,923,长春市,31
56,博纳国际影城北京大郊亭店,28703.39,61,北京市,512,北京市,56
57,CGV影城 深圳壹方城店,28354.77,63,广东省,507,深圳市,56
58,SFC上影影城（美罗城店）,28241.4,22,上海市,501,上海市,56
59,杭州新远国际影城,27893.13,43,浙江省,507,杭州市,55
60,石家庄裕华万达广场店,27183.37,54,河北省,852,石家庄市,32
61,荆州万达广场店,27040.17,42,湖北省,794,荆州市,34
62,CGV影院 郑州正弘城店,26888.62,39,河南省,513,郑州市,52
63,北京CBD万达广场店,26882.4,42,北京市,471,北京市,57
64,长春寰映影城摩天活力城店,26827.23,46,吉林省,869,长春市,31
65,广州番禺万达广场店,26825.47,56,广东省,632,广州市,42
66,金逸影城北京中关村店,26715.33,38,北京市,521,北京市,51
67,中影国际影城武汉光谷天河店,26656.9,45,湖北省,1072,武汉市,25
68,北京广安门影院,26495.01,40,北京市,655,北京市,40
69,高安市华纳兄弟影城,26400.0,23,江西省,660,宜春市,40
70,金逸影城深圳宝安大仟里IMAX店,26326.45,51,广东省,540,深圳市,49
71,遂川县星河国际影城,26079.51,15,江西省,747,吉安市,35
72,卢米埃北京长楹天街IMAX影城,25827.91,41,北京市,423,北京市,61
73,广州市珠影飞扬番禺天河城影城,25724.02,44,广东省,510,广州市,50
74,新余市中影时代影城,25505.0,27,江西省,655,新余市,39
75,上海市MOViEMOViE影城前滩太古里店,25323.01,24,上海市,275,上海市,92
76,北京市深影国际影城(四道口店),25011.32,53,北京市,509,北京市,49
77,哈尔滨哈西万达广场店,24984.49,60,黑龙江,704,哈尔滨市,35
78,南昌市华纳兄弟国际影城H潮店,24730.03,33,江西省,642,南昌市,39
79,SFC上影影城（徐汇绿地滨江店）,24679.93,44,上海市,347,上海市,71
80,SFC上影影城（徐汇日月光店）,24641.91,50,上海市,435,上海市,57
81,大同万达广场店,24537.35,55,山西省,761,大同市,32
82,南京幸福蓝海国际影城（江北虹悦城IMAX店）,24461.86,61,江苏省,617,南京市,40
83,郑州二七万达广场店,24299.56,56,河南省,681,郑州市,36
84,乌鲁木齐万达广场店,24140.9,62,新疆,605,乌鲁木齐市,40
85,上海百美汇影城静安嘉里中心店,24119.97,26,上海市,326,上海市,74
86,万象影城成都万象城IMAX激光店,24059.69,32,四川省,446,成都市,54
87,西亚影城固始店,23984.04,40,河南省,882,信阳市,27
88,广州飞扬影城,23973.98,47,广东省,464,广州市,52
89,CGV影城 上海七宝店,23888.61,46,上海市,376,上海市,64
90,长沙市中影星美国际影城万家丽店,23848.1,88,湖南省,727,长沙市,33
91,CGV影城 杭州奥体印象城店,23831.6,43,浙江省,386,杭州市,62
92,重庆万达影城大融城店,23606.68,62,重庆市,690,重庆市,34
93,万象影城石家庄IMAX店,23350.59,42,河北省,468,石家庄市,50
94,南昌红谷滩万达广场店,23312.35,60,江西省,793,南昌市,29
95,廊坊万达广场店,23291.99,57,河北省,696,廊坊市,33
96,北京市中影数字国际影城（华宇店）,23272.44,56,北京市,519,北京市,45
97,大连高新万达广场店,23209.12,67,辽宁省,747,大连市,31
98,UME影城（北京安贞店）,23184.49,51,北京市,429,北京市,54
99,北京博纳悠唐国际影城,23013.45,46,北京市,423,北京市,54
100,上海和平影都,22950.79,35,上海市,386,上海市,59
101,西安市博纳国际影城大悦城IMAX店,22923.28,46,陕西省,532,西安市,43
102,广州百丽宫影城猎德igc店,22824.99,39,广东省,428,广州市,53
103,CGV影城 杭州滨江天街店,22720.44,46,浙江省,362,杭州市,63
104,北京太平洋影城中关村店,22702.0,49,北京市,386,北京市,59
105,金逸北京荟聚IMAX店,22675.53,46,北京市,364,北京市,62
106,北京市门头沟影剧院,22500.0,2,北京市,500,北京市,45
107,长沙万达影城梅溪湖步步高店,22495.34,52,湖南省,627,长沙市,36
108,SFC上影影城（昆明永华店）,22465.94,46,云南省,626,昆明市,36
109,泰和县中影弘鼎影城,22426.01,34,江西省,645,吉安市,35
110,济南万达影城世茂广场店,22334.88,63,山东省,569,济南市,39
111,中影国际影城上海合生汇店,22196.86,56,上海市,506,上海市,44
112,杭州百美汇影城嘉里中心店,22160.07,35,浙江省,368,杭州市,60
113,福州仓山万达广场店,22131.78,53,福建省,598,福州市,37
114,UME影城（西安小寨店）,22100.96,63,陕西省,727,西安市,30
115,山西剧院,21949.85,90,山西省,829,太原市,26
116,上海百丽宫影城长宁来福士店,21855.02,35,上海市,329,上海市,66
117,合肥万达影城之心城光魔店,21803.11,46,安徽省,629,合肥市,35
118,广州金逸--无锡光美金逸影城,21755.93,54,江苏省,581,无锡市,37
119,金逸广州海珠城IMAX店,21704.69,45,广东省,452,广州市,48
120,UME影城（上海新天地店）,21677.3,31,上海市,322,上海市,67
121,成都百丽宫影城远洋太古里店,21659.03,44,四川省,375,成都市,58
122,CGV星星影城 北京颐堤港店,21626.03,36,北京市,376,北京市,58
123,万象影城天津万象城IMAX激光店,21553.98,39,天津市,453,天津市,48
124,泉州浦西万达广场店,21546.41,50,福建省,585,泉州市,37
125,嘉华国际影城(北京姚家园路店),21368.46,45,北京市,446,北京市,48
126,大连经开万达广场店,21309.17,65,辽宁省,551,大连市,39
127,SFC上影影城（杭州龙湖店）,21170.38,43,浙江省,442,杭州市,48
128,金逸上海龙之梦IMAX店,21156.86,54,上海市,406,上海市,52
129,万载天幕国际影城,21086.0,36,江西省,527,宜春市,40
130,卢米埃温州万象城IMAX影城,21070.16,34,浙江省,471,温州市,45
131,北京新华国际影城（良乡店）,21041.02,29,北京市,439,北京市,48
132,CGV影城 天宫院凯德店,20983.96,43,北京市,448,北京市,47
133,帕加尼国际影城江西万年店,20960.0,17,江西省,533,上饶市,39
134,CGV影城 苏州中心店,20918.6,39,江苏省,346,苏州市,60
135,北京熙旺国际影城,20880.02,41,北京市,432,北京市,48
136,CGV影城 上海南翔印象城店,20867.19,43,上海市,329,上海市,63
137,CGV影城 深圳卓悦中心店,20833.24,58,广东省,345,深圳市,60
138,广丰华夏国际影城,20699.99,24,江西省,532,上饶市,39
139,宁波鄞州万达广场店,20646.46,47,浙江省,534,宁波市,39
140,西安大明宫万达广场店,20534.48,55,陕西省,509,西安市,40
141,运城万达广场店,20515.36,55,山西省,664,运城市,31
142,成都锦华万达广场店,20457.54,64,四川省,498,成都市,41
143,北京丰台万达广场店,20425.0,55,北京市,459,北京市,44
144,SFC上影影城（成都龙湖店）,20038.95,48,四川省,586,成都市,34
145,临汾恒业国际影城,20034.63,45,山西省,738,临汾市,27
146,东莞东城万达广场店,19992.03,54,广东省,560,东莞市,36
147,柳州城中万达广场店,19782.74,56,广西,540,柳州市,37
148,德纳国际影城杭州萧山店,19772.27,43,浙江省,498,杭州市,40
149,呼和浩特万达广场店,19694.87,47,内蒙古,551,呼和浩特市,36
150,广州大学城宝鑫影城,19688.98,22,广东省,583,广州市,34
151,新乡牧野区万达广场店,19680.41,54,河南省,617,新乡市,32
152,丰城市中影万和国际影城,19600.0,44,江西省,490,宜春市,40
153,北京耀莱成龙影城（西红门店）,19531.53,48,北京市,451,北京市,43
154,西安碑林万达广场店,19505.37,57,陕西省,674,西安市,29
155,鄂尔多斯万达广场店,19440.15,45,内蒙古,455,鄂尔多斯市,43
156,昆明百老汇影城顺城购物中心店,19372.4,38,云南省,476,昆明市,41
157,北京影协金鸡百花影城,19370.96,34,北京市,436,北京市,44
158,襄阳万达广场店,19290.5,46,湖北省,564,襄阳市,34
159,保定万达影城万博广场店,19280.72,42,河北省,565,保定市,34
160,武汉万达影城群星城光魔酷映店,19228.35,46,湖北省,666,武汉市,29
161,宁波博纳国际影城（北仑店）,19222.43,66,浙江省,457,宁波市,42
162,上海百丽宫影城万象城店,19144.02,29,上海市,241,上海市,79
163,上海江桥万达广场店,19141.42,33,上海市,367,上海市,52
164,南宁市新民族影城,19126.62,45,广西,453,南宁市,42
165,莆田万达广场店,19113.86,55,福建省,507,莆田市,38
166,北京市华联影院肖家河店,19025.0,36,北京市,396,北京市,48
167,SFC上影影城（天津天河城店）,19019.08,41,天津市,623,天津市,31
168,SFC上影国际影城港城店,19019.01,38,上海市,369,上海市,52
169,CGV影城 海口友谊阳光城店,18998.54,48,海南省,481,海口市,39
170,宁德横店电影城,18974.02,37,福建省,554,宁德市,34
171,晋江万达广场店,18947.95,55,福建省,499,泉州市,38
172,完美世界影城（北京太阳宫店）,18911.38,39,北京市,388,北京市,49
173,昆明万达影城同德广场店,18905.06,67,云南省,462,昆明市,41
174,万象影城济南万象城IMAX激光店,18857.57,31,山东省,349,济南市,54
175,成都博纳国际影城（大悦城店）,18811.39,48,四川省,407,成都市,46
176,上海寰映影城太阳宫店,18753.39,44,上海市,332,上海市,56
177,广州市脉铂影城嘉禾店,18709.66,57,广东省,704,广州市,27
178,新乡布拉格影城,18701.54,42,河南省,569,新乡市,33
179,南宁青秀万达广场店,18671.12,79,广西,522,南宁市,36
180,巨幕影城（武汉光谷广场资本大厦店）,18655.17,53,湖北省,778,武汉市,24
181,成都王府井影城,18633.78,109,四川省,568,成都市,33
182,通辽万达广场店,18624.4,44,内蒙古,497,通辽市,37
183,万象影城武汉万象城杜比影院店,18621.03,40,湖北省,561,武汉市,33
184,湛江万达广场店,18602.66,55,广东省,516,湛江市,36
185,无锡大世界博大蓝海影城,18585.93,46,江苏省,547,无锡市,34
186,广州天河影城,18547.87,51,广东省,446,广州市,42
187,英皇电影城-合肥万象城,18532.85,61,安徽省,374,合肥市,50
188,CGV影城 重庆U城店,18467.07,37,重庆市,486,重庆市,38
189,天津河东万达广场店,18417.95,63,天津市,476,天津市,39
190,晋中万达广场店,18214.13,57,山西省,562,晋中市,32
191,杭州万象影城萧山店,18123.95,29,浙江省,382,杭州市,47
192,绵阳涪城万达广场店,18098.96,58,四川省,517,绵阳市,35
193,北京市沃美影城IMAX店,18096.15,42,北京市,419,北京市,43
194,银川金凤万达广场店,17994.26,50,宁夏,440,银川市,41
195,中影国际影城珠海华发2店,17889.0,42,广东省,435,珠海市,41
196,合肥包河万达广场店,17888.88,46,安徽省,451,合肥市,40
197,乌鲁木齐市中影美居电影城（花田电影小镇）,17847.88,65,新疆,541,乌鲁木齐市,33
198,首都电影院金融街店,17832.02,29,北京市,299,北京市,60
199,大连华臣影城(西安路店),17806.68,64,辽宁省,538,大连市,33
200,长春吉视迅驰影城,17796.16,41,吉林省,674,长春市,26
201,深圳市万象影城罗湖万象城店,17778.45,41,广东省,326,深圳市,55
202,上海寰映影城大融城店,17770.8,42,上海市,322,上海市,55
203,榆林万达广场店,17736.49,41,陕西省,437,榆林市,41
204,西安奥斯卡熙地港国际影城,17695.88,54,陕西省,358,西安市,49
205,安阳万达广场店,17692.25,47,河南省,607,安阳市,29
206,唐山万达影城凤城国贸店,17624.41,42,河北省,494,唐山市,36
207,佳映国际影城（天津滨江道店）,17595.02,67,天津市,520,天津市,34
208,SFC上影影城（八佰伴店）,17584.01,51,上海市,282,上海市,62
209,杭州百老汇影城金沙印象城店,17581.0,28,浙江省,390,杭州市,45
210,福清万达广场店,17552.65,45,福建省,454,福州市,39
211,昆明西山万达广场店,17489.79,80,云南省,442,昆明市,40
212,上海百丽宫影城陆家嘴中心店,17482.04,49,上海市,259,上海市,67
213,北京耀莱成龙影城（房山店）,17444.13,80,北京市,423,北京市,41
214,上海龙之梦影城,17429.99,32,上海市,321,上海市,54
215,万象影城厦门万象城店,17417.56,42,福建省,364,厦门市,48
216,东莞虎门万达广场店,17398.59,48,广东省,475,东莞市,37
217,上海苏宁影城五角场店,17384.63,56,上海市,460,上海市,38
218,橙天嘉禾影城惠州华贸店,17363.06,40,广东省,556,惠州市,31
219,成都环球中心旗舰店,17346.69,64,四川省,337,成都市,51
220,绍兴柯桥万达广场店,17339.18,40,浙江省,480,绍兴市,36
221,郑州奥斯卡熙地港国际影城,17268.58,53,河南省,382,郑州市,45
222,卢米埃南京金鹰新街口影城,17246.59,43,江苏省,515,南京市,33
223,包头青山万达广场店,17204.55,48,内蒙古,485,包头市,35
224,广州飞扬影城（乐峰店）,17167.85,52,广东省,340,广州市,50
225,佳木斯万达广场店,17120.01,43,黑龙江,531,佳木斯市,32
226,上海市博悦汇影城,17119.55,37,上海市,261,上海市,66
227,UME影城（重庆江北店）,17086.71,70,重庆市,499,重庆市,34
228,UME影城（河北石家庄店）,17079.99,62,河北省,507,石家庄市,34
229,湛江中影星美影城鼎盛广场店,16947.15,45,广东省,504,湛江市,34
230,常德万达广场店,16931.56,52,湖南省,471,常德市,36
231,淮安楚州万达广场店,16888.73,48,江苏省,462,淮安市,37
232,周口文昌万达影城,16865.01,57,河南省,497,周口市,34
233,中都影城衡水衡百店,16840.04,43,河北省,600,衡水市,28
234,成都UA国际金融中心影城,16801.58,45,四川省,372,成都市,45
235,开封市好莱坞影城,16795.02,40,河南省,538,开封市,31
236,兰州城关万达广场店,16782.1,50,甘肃省,425,兰州市,39
237,万象影城汕头万象城店,16766.14,34,广东省,396,汕头市,42
238,成都金牛万达广场店,16644.79,63,四川省,548,成都市,30
239,郴州时尚中影数字国际影城,16610.46,59,湖南省,504,郴州市,33
240,厦门湖里万达广场店,16558.74,71,福建省,467,厦门市,35
241,SFC上影影城（新世界店）,16548.0,41,上海市,309,上海市,54
242,中影国际影城抚州硕果时代店,16535.99,40,江西省,663,抚州市,25
243,万象影城杭州万象城IMAX店,16526.98,38,浙江省,271,杭州市,61
244,义乌之心保利国际影城,16479.19,54,浙江省,325,金华市,51
245,SFC上影影城（昆明南悦城店）,16461.0,34,云南省,416,昆明市,40
246,广州萝岗万达广场店,16448.81,54,广东省,374,广州市,44
247,齐齐哈尔万达广场店,16407.01,45,黑龙江,521,齐齐哈尔市,31
248,徐州铜山万达广场店,16340.07,59,江苏省,533,徐州市,31
249,天津沃美影城（鲁能城购物中心店）,16339.53,47,天津市,339,天津市,48
250,太原铜锣湾国际影城,16337.8,96,山西省,653,太原市,25
251,CGV影城 青岛万象城店,16323.72,39,山东省,278,青岛市,59
252,南京大华电影院,16314.41,68,江苏省,489,南京市,33
253,广州市美亚影城,16312.18,41,广东省,315,广州市,52
254,大同万达影城凯德广场店,16122.05,40,山西省,552,大同市,29
255,UME影城（杭州紫荆天街店）,16103.01,50,浙江省,379,杭州市,42
256,春天国际影城(福州大学城店),16089.6,31,福建省,572,福州市,28
257,徐州苏宁影城彭城广场店,16058.07,47,江苏省,451,徐州市,36
258,中影国际影城南京仙林金鹰店,16012.02,32,江苏省,449,南京市,36
259,南京万达影城新街口悦荟广场店,15999.7,44,江苏省,574,南京市,28
260,UME影城（西安长安店）,15998.77,37,陕西省,503,西安市,32
261,上海宝山万达广场店,15995.03,33,上海市,311,上海市,51
262,幸福蓝海国际影城南京IMAX激光环宇城店,15960.24,36,江苏省,407,南京市,39
263,SFC上影影城（天山缤谷广场店）,15952.51,53,上海市,248,上海市,64
264,阜阳颍州万达广场店,15918.79,68,安徽省,570,阜阳市,28
265,上海市百丽宫影城博荟广场店,15885.99,37,上海市,203,上海市,78
266,金逸影城北京双桥店,15873.77,42,北京市,399,北京市,40
267,无锡电影大世界,15872.65,51,江苏省,404,无锡市,39
268,郑州中原万达广场店,15836.08,58,河南省,479,郑州市,33
269,厦门集美万达广场店,15833.22,52,福建省,463,厦门市,34
270,北京博纳国际影城（方庄店）,15819.99,64,北京市,360,北京市,44
271,商丘睢阳万达广场店,15773.77,55,河南省,497,商丘市,32
272,南宁永恒·晶钻IMAX影城,15759.88,48,广西,475,南宁市,33
273,英皇电影城-深圳平安金融中心店,15758.52,41,广东省,249,深圳市,63
274,华谊兄弟影院（武汉光谷店）,15652.98,40,湖北省,616,武汉市,25
275,杭州传奇奢华影城,15549.5,34,浙江省,320,杭州市,49
276,英皇电影城-成都新光天地店,15543.4,53,四川省,351,成都市,44
277,橙天嘉禾影城上海世纪汇店,15534.32,22,上海市,356,上海市,44
278,重庆巴南万达广场店,15504.32,48,重庆市,487,重庆市,32
279,南宁市中影环球国际影城,15471.76,85,广西,515,南宁市,30
280,橙天嘉禾影城上海LuOne凯德晶萃店,15450.44,38,上海市,283,上海市,55
281,合肥天鹅湖万达广场店,15438.78,50,安徽省,449,合肥市,34
282,中都影城广州时光里店,15436.21,74,广东省,422,广州市,37
283,漳州万达广场店,15434.31,51,福建省,413,漳州市,37
284,许昌市胖东来影城天使城店,15427.51,36,河南省,542,许昌市,28
285,天津塘沽万达广场店,15395.1,68,天津市,416,天津市,37
286,卢米埃南京弘阳广场影城,15391.13,36,江苏省,401,南京市,38
287,上海市UA梅龙镇广场电影城,15378.7,43,上海市,224,上海市,69
288,CGV影城 深圳红山6979店,15376.46,45,广东省,253,深圳市,61
289,西宁市保利万和丽影荟影城,15359.9,48,青海省,485,西宁市,32
290,南京建邺万达广场店,15333.48,54,江苏省,406,南京市,38
291,唐山路南万达广场店,15306.78,46,河北省,444,唐山市,34
292,遂宁万达广场店,15299.41,48,四川省,451,遂宁市,34
293,广州市德金影院,15276.46,68,广东省,471,广州市,32
294,海口万达影城海航日月广场店,15254.33,58,海南省,407,海口市,37
295,海口星轶影城（吾悦广场IMAX店）,15134.1,38,海南省,443,海口市,34
296,长沙横店潇湘王府井影城,15104.91,60,湖南省,607,长沙市,25
297,深圳万达影城海雅广场店,15057.06,31,广东省,389,深圳市,39
298,CGV影城 赣州万象城店,14993.93,44,江西省,344,赣州市,44
299,星轶STARX影城（上海奉贤龙湖天街店）,14976.29,35,上海市,385,上海市,39
300,上海寰映影城久光中心店,14975.0,35,上海市,318,上海市,47
301,CGV影城 成都高新店,14951.87,38,四川省,307,成都市,49
302,太仓万达广场店,14924.48,60,江苏省,310,苏州市,48
303,幸福蓝海国际影城江宁金鹰店,14914.35,45,江苏省,419,南京市,36
304,卢米埃南京金鹰仙林影城,14913.75,29,江苏省,400,南京市,37
305,北京珠影耳东传奇影城,14907.01,39,北京市,236,北京市,63
306,乌鲁木齐奥斯卡影城友好二店,14896.69,32,新疆,416,乌鲁木齐市,36
307,泰安万达广场店,14895.62,55,山东省,462,泰安市,32
308,北京延庆万达广场店,14863.96,40,北京市,363,北京市,41
309,上海百丽宫影城LCM置汇旭辉广场店,14802.03,44,上海市,216,上海市,69
310,卢米埃成都西宸天街影城,14797.29,39,四川省,386,成都市,38
311,嘉兴星轶影城（桐乡吾悦广场IMAX店）,14795.52,41,浙江省,393,嘉兴市,38
312,北京百老汇影城apm店,14753.02,38,北京市,301,北京市,49
313,杭州拱墅万达广场店,14750.41,45,浙江省,392,杭州市,38
314,幸福蓝海国际影城成都仁和新城IMAX店,14743.62,53,四川省,390,成都市,38
315,西宁海湖万达广场店,14737.34,56,青海省,361,西宁市,41
316,星轶影城（重庆北碚吾悦广场店）,14708.09,30,重庆市,398,重庆市,37
317,SFC上影影城（百联又一城店）,14702.0,32,上海市,398,上海市,37
318,常州新北万达广场店,14693.4,51,江苏省,444,常州市,33
319,惠州万达影城新天地广场店,14691.57,25,广东省,441,惠州市,33
320,益阳万达广场店,14688.5,49,湖南省,413,益阳市,36
321,德州万达广场店,14664.8,57,山东省,503,德州市,29
322,UME影城（河北邯郸店）,14639.98,61,河北省,536,邯郸市,27
323,深圳市星河寰宇影城（福田COCO Park店）,14638.2,32,广东省,352,深圳市,42
324,CGV影城 珠海环宇城IMAX激光店,14605.14,35,广东省,277,珠海市,53
325,义乌万达广场店,14583.24,41,浙江省,311,金华市,47
326,南宁沃美影城,14560.96,57,广西,312,南宁市,47
327,CGV影城 杭州乐堤港店,14534.14,41,浙江省,249,杭州市,58
328,南京仙林万达茂店,14528.85,45,江苏省,439,南京市,33
329,上海大光明影院,14524.98,33,上海市,264,上海市,55
330,合肥市星爵影城,14515.47,37,安徽省,443,合肥市,33
331,信阳市信合影城,14512.05,55,河南省,340,信阳市,43
332,济南万达影城魏家庄悦荟广场店,14510.58,43,山东省,398,济南市,36
333,北京市华联影院万柳店,14498.07,39,北京市,297,北京市,49
334,长沙万达影城悦荟广场店,14485.5,33,湖南省,396,长沙市,37
335,茂名电白万达广场店,14474.3,48,广东省,471,茂名市,31
336,武汉市维佳影城佰港城LUXE店,14463.04,55,湖北省,359,武汉市,40
337,大地影院北海宁春城IMAX影院,14463.01,64,广西,454,北海市,32
338,海宁传奇奢华影城,14453.03,32,浙江省,353,嘉兴市,41
339,连云港万达广场店,14450.93,79,江苏省,362,连云港市,40
340,六安万达广场店,14422.53,51,安徽省,487,六安市,30
341,武商仙桃国际电影城,14395.0,40,湖北省,567,湖北省直辖县级市,25
342,中影国际影城杭州西溪印象城店,14394.47,40,浙江省,369,杭州市,39
343,吉林万达影城财富广场店,14392.79,42,吉林省,565,吉林市,25
344,上饶星轶影城,14351.6,34,江西省,439,上饶市,33
345,赤峰万达广场店,14336.77,50,内蒙古,428,赤峰市,33
346,CGV影城 广州K11店,14333.21,38,广东省,175,广州市,82
347,上海市佰映三克映画影城,14329.01,37,上海市,199,上海市,72
348,福州苏宁影城苏宁广场店,14328.25,47,福建省,550,福州市,26
349,黄冈万达广场店,14324.0,49,湖北省,463,黄冈市,31
350,深圳保利国际影城,14306.56,40,广东省,309,深圳市,46
351,长春耀莱成龙影城（宽城店）,14294.52,44,吉林省,505,长春市,28
352,深圳博纳时代国际影城（皇庭店）,14269.57,52,广东省,353,深圳市,40
353,西昌万达广场店,14258.71,37,四川省,406,凉山彝族自治州,35
354,CGV影城 福州东二环店,14253.67,53,福建省,289,福州市,49
355,广州中华广场电影城,14240.63,43,广东省,375,广州市,38
356,衡阳万达广场店,14214.09,45,湖南省,403,衡阳市,35
357,红星电影世界上海吴中路店,14198.09,43,上海市,208,上海市,68
358,郑州惠济万达广场店,14194.61,57,河南省,446,郑州市,32
359,金逸福州宝龙IMAX店,14186.58,57,福建省,523,福州市,27
360,北京百老汇影城国瑞店,14168.97,39,北京市,294,北京市,48
361,广州万达影城广百新一城店,14167.48,67,广东省,287,广州市,49
362,上海金逸新恒星影城,14152.51,31,上海市,222,上海市,64
363,大庆市让胡路万达广场店,14127.53,43,黑龙江,348,大庆市,41
364,郑州万达影城金水奥纳店,14101.98,44,河南省,479,郑州市,29
365,上饶万达广场店,14094.36,50,江西省,373,上饶市,38
366,乌鲁木齐德汇万达广场店,14085.39,51,新疆,357,乌鲁木齐市,39
367,CGV影城 长沙德思勤店,14042.85,37,湖南省,348,长沙市,40
368,贵阳市中影南方影城（花果园店）,14016.32,56,贵州省,361,贵阳市,39
369,重庆万州万达广场店,14016.22,44,重庆市,404,重庆市,35
370,武汉万达影城江汉路悦荟广场店,14015.53,46,湖北省,532,武汉市,26
371,九江横店电影城,14014.01,35,江西省,451,九江市,31
372,春天国际影城（上海中庚漫游城店）,14007.05,42,上海市,437,上海市,32
373,内江万达广场店,13995.71,43,四川省,383,内江市,37
374,徐州云龙万达广场店,13986.58,48,江苏省,391,徐州市,36
375,北京百老汇电影中心当代MOMA店,13980.0,15,北京市,284,北京市,49
376,广州南沙万达广场店,13979.5,56,广东省,365,广州市,38
377,成都龙泉驿万达广场店,13946.42,41,四川省,393,成都市,35
378,惠州万达影城博罗天虹店,13937.01,41,广东省,515,惠州市,27
379,北京市莱纳龙域影城,13929.93,63,北京市,378,北京市,37
380,UME影城（重庆渝中店）,13918.28,66,重庆市,443,重庆市,31
381,CGV影城 郑州大卫城店,13898.56,32,河南省,271,郑州市,51
382,广州海珠万达广场店,13895.24,54,广东省,387,广州市,36
383,呼和浩特市横店影视电影城,13871.76,54,内蒙古,473,呼和浩特市,29
384,博纳国际影城北京亦庄IMAX店,13863.53,46,北京市,290,北京市,48
385,济南高新万达广场店,13848.32,63,山东省,375,济南市,37
386,盘锦万达广场店,13834.62,48,辽宁省,438,盘锦市,32
387,三亚市中视国际影城蓝海店,13829.57,49,海南省,347,三亚市,40
388,武商众圆摩尔国际电影城,13796.92,65,湖北省,473,武汉市,29
389,许昌万达广场店,13782.05,50,河南省,511,许昌市,27
390,中影国际影城秦皇新天地店,13756.94,31,河北省,414,秦皇岛市,33
391,伊犁金茂影视茂业影城,13749.97,25,新疆,361,伊犁哈萨克自治州,38
392,广州UA花城汇影院,13740.48,55,广东省,319,广州市,43
393,中瑞影城福州三坊七巷,13712.18,96,福建省,491,福州市,28
394,杭州博纳国际影城临平IMAX店,13707.07,47,浙江省,261,杭州市,53
395,杭州博纳国际影城大悦城店,13688.53,63,浙江省,292,杭州市,47
396,SFC上影影城（嘉兴八佰伴店）,13669.41,41,浙江省,317,嘉兴市,43
397,淮南星轶影城（吾悦广场IMAX店）,13662.86,44,安徽省,431,淮南市,32
398,金逸影城深圳大仟里IMAX店,13651.78,45,广东省,326,深圳市,42
399,SFC上影影城（北京大兴龙湖店）,13638.91,44,北京市,466,北京市,29
400,北京劲松影院,13633.98,33,北京市,326,北京市,42
401,邯郸环球国际影城,13621.84,53,河北省,431,邯郸市,32
402,阜新万达广场店,13617.78,47,辽宁省,471,阜新市,29
403,长沙潇湘国际影城天马店,13594.48,33,湖南省,609,长沙市,22
404,英皇电影城-重庆新光天地店,13547.0,93,重庆市,310,重庆市,44
405,广州百丽宫影院天环店,13546.61,21,广东省,241,广州市,56
406,三亚红树林电影世界,13544.71,133,海南省,346,三亚市,39
407,贵阳市博悦汇影城贵阳壹号IMAX店,13536.41,41,贵州省,402,贵阳市,34
408,呼和浩特寰映影城振华广场店,13529.77,45,内蒙古,439,呼和浩特市,31
409,秦皇岛万达广场店,13529.5,55,河北省,388,秦皇岛市,35
410,鄱阳县奥斯卡影城,13523.8,30,江西省,513,上饶市,26
411,广州万达影城天河万科广场店,13508.63,43,广东省,297,广州市,45
412,上海松江万达广场店,13441.29,43,上海市,292,上海市,46
413,SFC上影影城（百联大上海店）,13433.05,28,上海市,300,上海市,45
414,英皇电影城-长沙国金中心店,13423.2,35,湖南省,403,长沙市,33
415,CGV影城 上海松江印象城店,13420.9,44,上海市,230,上海市,58
416,金逸影城柳州万象城IMAX店,13406.0,39,广西,334,柳州市,40
417,CGV影城 南京百家湖店,13390.06,40,江苏省,294,南京市,46
418,重庆百丽宫影城万象城店,13372.95,36,重庆市,299,重庆市,45
419,佛山脉铂影城（金沙洲金铂天地店）,13357.45,63,广东省,461,佛山市,29
420,广州万达影城万胜广场店,13330.91,32,广东省,353,广州市,38
421,永城奥斯卡金博大店,13297.22,30,河南省,354,商丘市,38
422,橙天嘉禾影城北京祥云店,13296.93,40,北京市,357,北京市,37
423,菏泽万达影城佳和城店,13288.07,44,山东省,403,菏泽市,33
424,东营万达广场店,13276.16,49,山东省,383,东营市,35
425,完美世界影城（北京西直门店）,13272.24,40,北京市,229,北京市,58
426,CGV影城 上海白玉兰广场店,13265.09,36,上海市,219,上海市,61
427,万德隆奥斯卡镇平影城,13265.03,24,河南省,385,南阳市,34
428,SFC上影影城（成都科华店）,13256.33,31,四川省,274,成都市,48
429,中影国际影城海口上邦店,13248.94,61,海南省,433,海口市,31
430,南宁江南万达广场店,13213.6,57,广西,356,南宁市,37
431,广州市龙洞巨幕影城,13194.22,54,广东省,446,广州市,30
432,北京市华联影城上地店,13183.43,26,北京市,278,北京市,47
433,哈尔滨万达影城松雷广场店,13174.74,48,黑龙江,332,哈尔滨市,40
434,金逸影城广州百信西区IMAX店,13161.94,38,广东省,273,广州市,48
435,卢米埃厦门宝龙一城IMAX影城,13155.97,31,福建省,355,厦门市,37
436,幸福蓝海国际影城烟台大悦城店,13147.64,46,山东省,363,烟台市,36
437,西安南关正街横店电影城,13138.15,53,陕西省,498,西安市,26
438,郑州耀莱成龙影城（锦艺店）,13135.73,46,河南省,476,郑州市,28
439,大庆萨尔图万达广场店,13090.36,37,黑龙江,375,大庆市,35
440,烟台芝罘万达广场店,13081.7,48,山东省,402,烟台市,33
441,九江万达广场店,13071.55,54,江西省,388,九江市,34
442,金逸影城重庆IMAX店,13037.17,33,重庆市,362,重庆市,36
443,SFC上影影城（丁香路店）,13029.53,38,上海市,278,上海市,47
444,博纳国际影城南京江北IMAX店,13009.03,46,江苏省,331,南京市,39
445,洛阳万达广场店,12968.67,45,河南省,443,洛阳市,29
446,万象影城南京万象天地HALO巨幕店,12963.86,26,江苏省,334,南京市,39
447,幸福蓝海国际影城南京常发店,12949.59,44,江苏省,378,南京市,34
448,武汉横店影视电影城,12945.07,66,湖北省,455,武汉市,28
449,银川西夏万达广场店,12932.1,42,宁夏,362,银川市,36
450,平顶山万达广场店,12924.64,50,河南省,437,平顶山市,30
451,六盘水万达广场店,12907.49,45,贵州省,363,六盘水市,36
452,CGV影城 上海晶耀前滩店,12897.79,32,上海市,192,上海市,67
453,武商黄石国际影城,12862.98,55,湖北省,423,黄石市,30
454,中影国际影城上海金科路店,12850.02,56,上海市,279,上海市,46
455,开封万达广场店,12846.04,53,河南省,418,开封市,31
456,完美世界影城（长春新天地店）,12824.98,46,吉林省,465,长春市,28
457,庆阳市M3电影城堡,12815.2,48,甘肃省,335,庆阳市,38
458,北京耀莱成龙影城（慈云寺店）,12813.77,43,北京市,310,北京市,41
459,呼和浩特万达影城凯德诺和木勒店,12811.38,41,内蒙古,414,呼和浩特市,31
460,万象影城扬州华润万象汇店,12810.63,30,江苏省,410,扬州市,31
461,上海曹杨影院,12797.97,26,上海市,311,上海市,41
462,UME影城（重庆时代天街店）,12791.19,45,重庆市,393,重庆市,33
463,无锡百丽宫影城苏宁广场店,12791.0,45,江苏省,344,无锡市,37
464,金逸影城顺德彩虹IMAX店,12764.57,52,广东省,411,佛山市,31
465,武汉百丽宫影城壹方店,12751.87,36,湖北省,289,武汉市,44
466,海上明珠国际影城南京雨花客厅店,12703.02,48,江苏省,367,南京市,35
467,洛阳万达影城世茂广场店,12703.01,48,河南省,447,洛阳市,28
468,温州市博悦汇影城印象城IMAX店,12685.56,51,浙江省,294,温州市,43
469,北京市速铂影城路劲IMAX店,12667.0,41,北京市,266,北京市,48
470,景德镇市美高国际影城,12638.96,25,江西省,462,景德镇市,27
471,焦作万达广场店,12621.37,55,河南省,450,焦作市,28
472,北京万达影城通州银兴光魔店,12596.84,47,北京市,324,北京市,39
473,北京博纳国际影城密云店,12596.26,37,北京市,323,北京市,39
474,长沙寰映影城洋湖店,12592.19,49,湖南省,342,长沙市,37
475,深圳海岸影城,12591.05,32,广东省,351,深圳市,36
476,UME影城 (重庆九龙坡店),12579.38,72,重庆市,348,重庆市,36
477,余姚万达广场店,12525.34,50,浙江省,321,宁波市,39
478,上海周浦万达广场店,12518.12,25,上海市,235,上海市,53
479,武汉美逸影城荟聚店,12511.82,54,湖北省,374,武汉市,33
480,卢米埃西安曲江创意谷IMAX影城,12496.98,52,陕西省,304,西安市,41
481,沧州星梦国际影城,12493.48,38,河北省,415,沧州市,30
482,CGV影城 广州万胜围店,12487.07,39,广东省,275,广州市,45
483,泰州万达广场店,12447.49,51,江苏省,379,泰州市,33
484,晋城市中影星美影城(兰花城店),12446.54,32,山西省,342,晋城市,36
485,邢台万达影城逗号立方店,12441.96,49,河北省,441,邢台市,28
486,西亚影城光山店,12436.02,29,河南省,494,信阳市,25
487,蚌埠万达广场店,12428.8,47,安徽省,450,蚌埠市,28
488,南阳市中影国际影城,12387.72,63,河南省,406,南阳市,31
489,茂名市东汇国际影城,12382.81,46,广东省,443,茂名市,28
490,郑州市好莱坞龙子湖永和时光里影城,12354.03,40,河南省,419,郑州市,29
491,长春星轶影城（吾悦广场IMAX店）,12353.32,36,吉林省,365,长春市,34
492,SFC上影影城（青岛金狮广场店）,12333.55,29,山东省,291,青岛市,42
493,太原市全美影院,12321.7,45,山西省,398,太原市,31
494,朝阳万达广场店,12301.47,39,辽宁省,415,朝阳市,30
495,宁德万达广场店,12281.08,44,福建省,353,宁德市,35
496,桂林七星万达广场店,12276.72,55,广西,343,桂林市,36
497,华夏影城武汉蔡甸店,12272.28,30,湖北省,354,武汉市,35
498,肇庆星轶STARX影城（四会吾悦广场店）,12269.46,24,广东省,364,肇庆市,34
499,金逸影城武汉大悦城IMAX店,12237.16,40,湖北省,309,武汉市,40
500,杭州百老汇影城滨江宝龙店,12233.3,35,浙江省,242,杭州市,51
501,大地影院蚌埠银泰城,12221.52,47,安徽省,449,蚌埠市,27
502,辽阳万达广场店,12203.16,56,辽宁省,424,辽阳市,29
503,肇庆市星轶IMAX影城,12200.24,40,广东省,329,肇庆市,37
504,石家庄耀莱成龙影城（北国商城店）,12196.86,50,河北省,467,石家庄市,26
505,北京沃美影城（常营店）,12193.45,47,北京市,260,北京市,47
506,大连市博纳影城中央大道店,12182.37,47,辽宁省,336,大连市,36
507,沈阳奥体万达广场店,12160.9,40,辽宁省,341,沈阳市,36
508,沈阳北一路万达广场店,12128.25,57,辽宁省,393,沈阳市,31
509,金逸影城武汉王家湾店,12127.1,33,湖北省,362,武汉市,34
510,上海市星轶影城闵行天街旗舰店,12103.35,45,上海市,346,上海市,35
511,重庆南坪万达广场店,12099.89,39,重庆市,373,重庆市,32
512,SFC上影影城（南京新城市店）,12062.46,35,江苏省,348,南京市,35
513,CGV影城 哈尔滨会展中心店,12058.58,60,黑龙江,310,哈尔滨市,39
514,天门万达广场店,12049.37,39,湖北省,360,湖北省直辖县级市,33
515,上海市星光影城亚新生活广场店,12048.07,43,上海市,201,上海市,60
516,北京海航文化天宝国际影城,12042.89,57,北京市,395,北京市,30
517,无锡滨湖万达广场店,12038.97,43,江苏省,342,无锡市,35
518,武汉银兴乐天影城南湖店,12022.83,43,湖北省,518,武汉市,23
519,兴义市上影梦乐城影城,11994.86,37,贵州省,454,黔西南布依族苗族自治州,26
520,UME影城（重庆金沙天街店）,11982.27,65,重庆市,344,重庆市,35
521,SFC上影影城（常州月星环球港店）,11969.49,34,江苏省,380,常州市,31
522,天津西青万达广场店,11966.63,39,天津市,338,天津市,35
523,中都影城邢台北国店,11914.78,48,河北省,426,邢台市,28
524,上海天山电影院,11911.02,33,上海市,204,上海市,58
525,东莞厚街万达广场店,11904.44,45,广东省,332,东莞市,36
526,金逸影城广州美林IMAX店,11903.77,39,广东省,350,广州市,34
527,成都市承光影城（财富中心店）,11896.73,44,四川省,335,成都市,36
528,北京怀柔万达广场店,11894.02,48,北京市,250,北京市,48
529,广州保利国际影城（中环广场店）,11885.64,41,广东省,293,广州市,41
530,广州寰映影城天河环贸店,11877.18,42,广东省,267,广州市,44
531,中影国际影城昆山九方店,11867.32,38,江苏省,288,苏州市,41
532,中影国际影城麻城店,11843.8,42,湖北省,450,黄冈市,26
533,博纳国际影城合肥银泰店,11833.33,42,安徽省,336,合肥市,35
534,武穴万达广场店,11826.55,45,湖北省,366,黄冈市,32
535,金逸影城杭州华夏之心IMAX店,11817.94,34,浙江省,248,杭州市,48
536,洛阳耀莱成龙影城（中州中路店）,11803.16,46,河南省,420,洛阳市,28
537,信阳横店电影城,11798.0,36,河南省,349,信阳市,34
538,广州FUN范影城（东圃店）,11774.97,49,广东省,335,广州市,35
539,成都寰映影城世茂广场店,11774.84,53,四川省,347,成都市,34
540,宜宾万达广场店,11765.38,43,四川省,352,宜宾市,33
541,橙天嘉禾影城深圳卓悦汇店,11761.2,33,广东省,315,深圳市,37
542,西安民乐园万达广场店,11756.06,49,陕西省,358,西安市,33
543,广州白云万达广场店,11738.41,46,广东省,292,广州市,40
544,卢米埃杭州西溪天街影城,11729.99,32,浙江省,290,杭州市,40
545,北京耀莱成龙影城（临河里店）,11709.29,46,北京市,312,北京市,38
546,幸福蓝海国际影城珠海金湾华发商都店,11708.62,49,广东省,334,珠海市,35
547,中影国际影城普宁店,11703.05,41,广东省,340,揭阳市,34
548,洛阳市正大乐影城,11689.97,60,河南省,433,洛阳市,27
549,CGV影城 延吉百利城店,11675.94,34,吉林省,286,延边朝鲜族自治州,41
550,芜湖镜湖万达广场店,11671.79,44,安徽省,366,芜湖市,32
551,博纳国际影城成都滨江天街店,11667.23,58,四川省,342,成都市,34
552,玉林万达广场店,11644.31,46,广西,401,玉林市,29
553,深圳娱艺影院UAKKmallY影城,11600.54,42,广东省,224,深圳市,52
554,宣城宣州万达广场店,11599.76,48,安徽省,391,宣城市,30
555,深圳寰映影城福田中洲湾店,11577.62,42,广东省,283,深圳市,41
556,深圳市万象影城布吉IMAX店,11569.12,34,广东省,192,深圳市,60
557,中影国际影城广州天河太阳新天地店,11560.99,36,广东省,305,广州市,38
558,杭州市博纳国际影城西溪IMAX店,11560.44,30,浙江省,259,杭州市,45
559,中影国际影城珠海优特汇店,11548.37,48,广东省,336,珠海市,34
560,抚顺万达广场店,11527.01,40,辽宁省,417,抚顺市,28
561,湘潭横店影视电影城,11519.99,53,湖南省,362,湘潭市,32
562,广州万达影城花都融创茂店,11513.15,50,广东省,300,广州市,38
563,武汉经开万达广场店,11492.93,47,湖北省,343,武汉市,34
564,南宁安吉万达广场店,11464.45,53,广西,355,南宁市,32
565,北京保利国际影城（马家堡店）,11450.13,40,北京市,269,北京市,43
566,金逸广州太阳城IMAX店,11448.97,46,广东省,285,广州市,40
567,金逸影城邢台天一城店,11415.22,51,河北省,374,邢台市,31
568,欧秀国际影城襄阳四季城店,11407.93,57,湖北省,369,襄阳市,31
569,北京华谊兄弟北京影院洋桥店,11386.97,59,北京市,262,北京市,43
570,SFC上影影城上海国华广场店,11359.0,42,上海市,238,上海市,48
571,中影国际影城赣州章贡中航城店,11355.01,28,江西省,386,赣州市,29
572,长沙市汉鼎宇佑影城（黄兴广场店）,11345.0,38,湖南省,426,长沙市,27
573,呼和浩特市v+影城,11334.02,50,内蒙古,308,呼和浩特市,37
574,深圳市中影晴瑞IMAX影城,11329.18,48,广东省,244,深圳市,46
575,CGV影城 济南印象城店,11319.14,39,山东省,257,济南市,44
576,四平万达广场店,11307.45,47,吉林省,404,四平市,28
577,吉林昌邑万达广场店,11306.93,62,吉林省,431,吉林市,26
578,中影国际影城杭州永旺店,11300.11,33,浙江省,312,杭州市,36
579,海上明珠国际影城上海莘庄店,11293.07,36,上海市,255,上海市,44
580,咸阳市奥斯卡巨幕影城,11285.12,67,陕西省,465,咸阳市,24
581,南京万达影城江宁太阳城店,11264.35,44,江苏省,361,南京市,31
582,广州万达影城北京路五月花广场店,11246.32,43,广东省,386,广州市,29
583,UME影城（苏州狮山店）,11222.05,48,江苏省,262,苏州市,43
584,上海华谊兄弟影院,11209.1,36,上海市,224,上海市,50
585,北京市莱纳恒泰影城,11201.34,44,北京市,268,北京市,42
586,南京曼巴国际影城,11183.98,35,江苏省,370,南京市,30
587,深圳市CINESKY新天影院 激光IMAX万科广场店,11181.96,36,广东省,300,深圳市,37
588,南通通州万达广场店,11176.43,56,江苏省,315,南通市,35
589,万象影城北京丽泽天街杜比影院,11171.04,21,北京市,209,北京市,53
590,郑州奥斯卡升龙国际影城,11165.86,34,河南省,430,郑州市,26
591,卢米埃沈阳万象汇影城,11163.95,41,辽宁省,325,沈阳市,34
592,北京万达影城房山店,11152.45,48,北京市,256,北京市,44
593,东阳市博纳国际影城银泰店,11146.55,37,浙江省,265,金华市,42
594,幸福蓝海国际影城厦门集美世茂广场IMAX店,11130.13,39,福建省,307,厦门市,36
595,扬州邗江万达广场店,11120.43,50,江苏省,365,扬州市,30
596,邯郸万达广场店,11110.86,54,河北省,350,邯郸市,32
597,中影国际影城深圳益田假日广场店,11098.21,39,广东省,225,深圳市,49
598,淮安万达广场店,11090.71,52,江苏省,311,淮安市,36
599,幸福蓝海国际影城上海宝山龙湖店,11085.04,37,上海市,208,上海市,53
600,宜昌万达广场店,11083.68,50,湖北省,341,宜昌市,33
601,扬州喜满客影城,11053.55,51,江苏省,345,扬州市,32
602,潍坊齐纳国际影城泰华店,11040.02,40,山东省,337,潍坊市,33
603,自贡保利万和国际影城爱琴海店,11022.97,39,四川省,321,自贡市,34
604,北京米瑞酷影城昌平店,11015.08,43,北京市,283,北京市,39
605,禹州一峰奥斯卡巨幕影城,11013.64,34,河南省,323,许昌市,34
606,银川耀莱成龙影城（金凤店）,11009.73,37,宁夏,379,银川市,29
607,青岛台东路万达广场店,11001.92,38,山东省,387,青岛市,28
608,北京百丽宫影城国贸店,10981.95,24,北京市,129,北京市,85
609,沈阳沈北万达广场店,10974.63,40,辽宁省,334,沈阳市,33
610,襄阳摩尔电影城,10966.96,52,湖北省,357,襄阳市,31
611,锦州万达广场店,10950.04,36,辽宁省,357,锦州市,31
612,安阳横店电影城,10950.04,37,河南省,382,安阳市,29
613,CGV星星影城 北京奥体店,10945.92,37,北京市,238,北京市,46
614,哈尔滨市九天巨幕影城,10942.98,42,黑龙江,402,哈尔滨市,27
615,鸡西万达广场店,10936.09,38,黑龙江,314,鸡西市,35
616,中影国际影城西安莲湖大唐西市店,10935.0,43,陕西省,316,西安市,35
617,CGV影城 邯郸环球中心店,10932.75,35,河北省,239,邯郸市,46
618,北京丰台西铁营万达广场店,10930.19,55,北京市,185,北京市,59
619,万象影城泰州万象城HALO巨幕店,10917.84,28,江苏省,334,泰州市,33
620,牡丹江万达广场店,10909.02,45,黑龙江,310,牡丹江市,35
621,成都青羊万达广场店,10902.7,51,四川省,291,成都市,37
622,幸福蓝海国际影城（淮安激光IMAX店）,10901.01,47,江苏省,300,淮安市,36
623,卢米埃武汉凯德1818影城,10882.09,33,湖北省,344,武汉市,32
624,芜湖横店电影城,10881.0,45,安徽省,396,芜湖市,27
625,兰州万达影城万达茂店,10871.86,46,甘肃省,317,兰州市,34
626,CGV影城 成都金牛店,10867.27,37,四川省,268,成都市,41
627,深圳万象影城深圳湾店,10850.43,27,广东省,173,深圳市,63
628,景德镇市中影南方CGS影城,10849.85,40,江西省,418,景德镇市,26
629,常州武进万达广场店,10847.16,50,江苏省,315,常州市,34
630,UME影城 (重庆沙坪坝店）,10844.93,81,重庆市,388,重庆市,28
631,曲靖经开万达广场店,10844.75,50,云南省,321,曲靖市,34
632,淮北万达广场店,10834.1,58,安徽省,397,淮北市,27
633,卢米埃绍兴银泰IMAX影城,10833.32,36,浙江省,272,绍兴市,40
634,黄石万达广场店,10823.9,54,湖北省,357,黄石市,30
635,乌鲁木齐市星辉电影公园,10813.57,55,新疆,237,乌鲁木齐市,46
636,CGV星星影城 天津滨海店,10806.5,43,天津市,269,天津市,40
637,金华万达广场店,10800.98,41,浙江省,293,金华市,37
638,星轶STARX影城（沧州吾悦广场店）,10774.18,39,河北省,362,沧州市,30
639,杭州市博纳院线戏幕影城（滨江银泰巨幕店）,10770.58,43,浙江省,247,杭州市,44
640,长春万达影城欧亚大卖场店,10762.44,45,吉林省,375,长春市,29
641,金逸影城普洱雅侎之星店,10759.8,36,云南省,290,普洱市,37
642,万象影城昆山万象汇激光IMAX店,10753.94,27,江苏省,234,苏州市,46
643,郑州市银兴国际影城二七广场店,10738.14,109,河南省,378,郑州市,28
644,绵阳电影院,10737.1,70,四川省,411,绵阳市,26
645,UME影城（成都高新店）,10722.62,56,四川省,328,成都市,33
646,日照万达广场店,10717.07,47,山东省,337,日照市,32
647,成都蜀都万达广场店,10714.75,52,四川省,362,成都市,30
648,瑞安星轶影城（吾悦广场STARX店）,10713.79,23,浙江省,220,温州市,49
649,合肥长江剧院,10709.98,48,安徽省,326,合肥市,33
650,杭州万达影城上亿奥特莱斯店,10684.13,29,浙江省,279,杭州市,38
651,CGV影城 宜兴八佰伴店,10682.02,36,江苏省,257,无锡市,42
652,博纳国际影城杭州丁桥龙湖IMAX店,10674.23,46,浙江省,244,杭州市,44
653,南阳奥斯卡新华影城,10653.31,46,河南省,355,南阳市,30
654,卢米埃深圳汇港IMAX影城,10641.99,38,广东省,236,深圳市,45
655,红星电影世界慈溪爱琴海店,10629.11,33,浙江省,323,宁波市,33
656,沈阳市华谊兄弟影院大悦城店,10622.9,46,辽宁省,359,沈阳市,30
657,中影国际影城武汉经开永旺店,10608.85,41,湖北省,314,武汉市,34
658,郑州万达影城公园茂店,10597.59,35,河南省,320,郑州市,33
659,哈尔滨市艾美国际巨幕影城,10592.29,52,黑龙江,335,哈尔滨市,32
660,福州金融街万达广场店,10574.65,56,福建省,301,福州市,35
661,CGV影城 上海大宁店,10570.96,27,上海市,208,上海市,51
662,广州增城万达广场店,10560.51,41,广东省,304,广州市,35
663,哈尔滨万达影城悦荟广场店,10553.56,47,黑龙江,304,哈尔滨市,35
664,拉萨万达广场店,10549.23,49,西藏,272,拉萨市,39
665,惠州大亚湾万达广场店,10530.14,44,广东省,316,惠州市,33
666,昆明万达影城南亚光魔店,10519.97,42,云南省,294,昆明市,36
667,北海万达广场店,10511.54,50,广西,332,北海市,32
668,万象影城南昌万象城HALO巨幕店,10503.27,32,江西省,291,南昌市,36
669,成都影立方773IMAX影城,10488.81,35,四川省,351,成都市,30
670,林州好莱坞影城,10485.01,38,河南省,461,安阳市,23
671,广州市中影佰纳影城花都店,10476.09,45,广东省,334,广州市,31
672,卢米埃南京金鹰河西影城,10466.03,39,江苏省,247,南京市,42
673,苏州平江万达广场店,10459.84,44,江苏省,276,苏州市,38
674,上海百丽宫影城ifc商场店,10457.82,21,上海市,147,上海市,71
675,广州从化影天下国际影城,10457.16,56,广东省,417,广州市,25
676,保定未来石万达广场店,10454.32,41,河北省,334,保定市,31
677,卢米埃北京芳草地影城,10444.94,25,北京市,151,北京市,69
678,合肥巢湖万达广场店,10443.53,51,安徽省,366,合肥市,29
679,北京市环球城市大道电影院,10437.94,48,北京市,161,北京市,65
680,SFC上影影城上海啦啦宝都店,10437.1,44,上海市,179,上海市,58
681,英皇电影城-深圳东海缤纷,10417.7,53,广东省,130,深圳市,80
682,驻马店市好莱坞影城爱克店,10412.97,51,河南省,326,驻马店市,32
683,晟嘉国际影城北京新华店,10396.78,75,北京市,372,北京市,28
684,长春长影电影院,10390.02,27,吉林省,345,长春市,30
685,长春中影影天国际电影城,10384.97,55,吉林省,405,长春市,26
686,天津农垦博纳国际影城,10374.71,55,天津市,343,天津市,30
687,乌鲁木齐市人民电影院,10364.93,48,新疆,291,乌鲁木齐市,36
688,SFC上影影城（昆明西城时代店）,10359.52,34,云南省,237,昆明市,44
689,保定市华隶影城（汇博店）,10351.01,58,河北省,421,保定市,25
690,佛山南海万达广场店,10342.3,48,广东省,292,佛山市,35
691,北京市中影乐成影城,10333.42,47,北京市,211,北京市,49
692,重庆苏宁影城观音桥店,10325.62,62,重庆市,374,重庆市,28
693,晋中市华谊兄弟影院,10316.6,42,山西省,379,晋中市,27
694,幸福蓝海国际影城马鞍山店,10312.62,44,安徽省,380,马鞍山市,27
695,长春市吉视居然影城,10312.18,36,吉林省,398,长春市,26
696,天津武清福源道万达广场店,10299.77,45,天津市,328,天津市,31
697,雅安万达广场店,10291.08,45,四川省,313,雅安市,33
698,延吉万达广场店,10286.26,56,吉林省,280,延边朝鲜族自治州,37
699,大连万达影城和平广场奥纳店,10282.06,54,辽宁省,305,大连市,34
700,英皇电影城-深圳深业上城店,10269.12,50,广东省,197,深圳市,52
701,高碑店嘉林彤美影城,10265.06,34,河北省,415,保定市,25
702,荆州市星轶STARX影城（吾悦广场店）,10263.53,37,湖北省,313,荆州市,33
703,昆明上影和谐影城,10263.5,52,云南省,341,昆明市,30
704,温岭博纳国际影城,10261.42,47,浙江省,259,台州市,40
705,广州百老汇影城凯德店,10259.01,31,广东省,261,广州市,39
706,自由人影城龙岩自由人万宝广场,10258.99,35,福建省,372,龙岩市,28
707,西安奥斯卡赛高国际影城,10249.68,59,陕西省,372,西安市,28
708,厦门寰映影城棕榈城店,10248.82,44,福建省,287,厦门市,36
709,万象影城武汉江宸天街HALO巨幕店,10234.97,41,湖北省,359,武汉市,29
710,中影国际影城南宁青秀航洋城店,10234.6,43,广西,262,南宁市,39
711,铜陵万达广场店,10219.01,50,安徽省,345,铜陵市,30
712,西安万达影城龙城铭园店,10215.62,45,陕西省,317,西安市,32
713,厦门万达影城世茂海峡广场店,10208.36,45,福建省,279,厦门市,37
714,长沙开福万达广场店,10188.98,49,湖南省,287,长沙市,36
715,西昌太平洋影城,10188.31,32,四川省,270,凉山彝族自治州,38
716,首映国际影城（咸阳财富中心店）,10164.93,40,陕西省,426,咸阳市,24
717,幸福蓝海国际影城西安店,10155.85,39,陕西省,300,西安市,34
718,太原市等艺术影院,10142.89,40,山西省,383,太原市,26
719,昆明百美汇影城恒隆广场店,10142.2,37,云南省,240,昆明市,42
720,昆山万达广场店,10125.97,62,江苏省,270,苏州市,38
721,金逸影城空中电影城,10119.89,13,广东省,189,广州市,54
722,济南百丽宫影城恒隆广场店,10115.0,40,山东省,241,济南市,42
723,北京地质礼堂,10107.0,18,北京市,257,北京市,39
724,广州高德飞扬影城,10093.88,40,广东省,227,广州市,44
725,济南耀莱成龙影城（领秀城店）,10093.65,61,山东省,315,济南市,32
726,丰城市越幕影城,10088.08,40,江西省,380,宜春市,27
727,定州万达广场店,10083.96,33,河北省,353,保定市,29
728,长沙市万影汇影城,10075.11,52,湖南省,318,长沙市,32
729,自贡星维国际电影城南湖店,10067.63,82,四川省,302,自贡市,33
730,郑州市悦嘉辰影院海尚店,10048.6,45,河南省,329,郑州市,31
731,北京市九洲中原国际影城,10020.47,35,北京市,253,北京市,40
732,昆明北辰影院,10020.41,48,云南省,352,昆明市,28
733,杭州市上影国际影城铂悦城店,10015.04,41,浙江省,378,杭州市,26
734,青岛CBD万达广场店,10007.11,40,山东省,288,青岛市,35
735,朔州乾翼国际影城,10007.01,33,山西省,262,朔州市,38
736,平湖市星轶影城,10004.16,42,浙江省,282,嘉兴市,35
737,成都保利万和国际影城三利爱琴海店,10003.57,40,四川省,294,成都市,34
738,济南新世纪影城大学城银座店,10002.72,38,山东省,325,济南市,31
739,南京市珠影CC影城珠江路店,10002.48,48,江苏省,391,南京市,26
740,金逸影城肇庆星湖店,10001.95,36,广东省,361,肇庆市,28
741,濮阳经开万达广场店,9994.79,48,河南省,392,濮阳市,25
742,长治万达广场店,9973.19,44,山西省,334,长治市,30
743,武汉市中百国际影城,9963.01,68,湖北省,409,武汉市,24
744,保定市金熊国际影城（银座店）,9960.97,87,河北省,397,保定市,25
745,淮南横店电影城东方店,9951.01,40,安徽省,392,淮南市,25
746,乐山万达广场店,9934.68,53,四川省,302,乐山市,33
747,金逸影城银川宁阳店,9932.46,42,宁夏,295,银川市,34
748,乌海万达广场店,9906.73,45,内蒙古,301,乌海市,33
749,CGV影城 成都温江店,9895.08,43,四川省,245,成都市,40
750,海口中视国际影城IMAX（国兴店）,9879.35,31,海南省,292,海口市,34
751,杭州新华影都,9877.42,30,浙江省,313,杭州市,32
752,CGV影城 广州永旺店,9870.86,32,广东省,221,广州市,45
753,深圳市宝能影城（西丽宝能环球汇店）,9845.79,42,广东省,213,深圳市,46
754,幸福蓝海国际影城上海香溢IMAX店,9842.96,34,上海市,183,上海市,54
755,吕梁市离石区宏泰影院,9841.18,31,山西省,250,吕梁市,39
756,北京市观华国际影城（林奥City Park店）,9839.94,42,北京市,222,北京市,44
757,宁波影都亚细亚IMAX店,9830.78,40,浙江省,274,宁波市,36
758,CGV影城 上海青浦天空万科广场店,9826.91,37,上海市,140,上海市,70
759,沈阳市保利国际影城K11店,9826.47,38,辽宁省,222,沈阳市,44
760,深圳华夏星光国际影城,9806.88,42,广东省,279,深圳市,35
761,杭州市金街汇和时代影城,9796.39,34,浙江省,273,杭州市,36
762,幸福蓝海国际影城大冶店,9795.02,27,湖北省,348,黄石市,28
763,眉山万达广场店,9791.29,47,四川省,374,眉山市,26
764,CGV影城 大连安盛店,9791.04,34,辽宁省,268,大连市,37
765,义乌星轶影城（吾悦广场STARX店）,9780.95,37,浙江省,280,金华市,35
766,北京博纳晶品国际影城万寿路,9773.51,36,北京市,186,北京市,53
767,大地影院清远顺盈时代广场,9769.01,31,广东省,315,清远市,31
768,丽水万地国际影院,9766.18,36,浙江省,311,丽水市,31
769,海上明珠国际影城杭州西湖店,9764.55,40,浙江省,264,杭州市,37
770,北京市中影国际影城（北京奥运店）,9758.93,36,北京市,186,北京市,52
771,昭通星轶影城（吾悦广场店）,9755.49,30,云南省,264,昭通市,37
772,长春万达影城欧亚新生活广场店,9753.91,31,吉林省,433,长春市,23
773,广州星汇电影院,9748.18,53,广东省,314,广州市,31
774,重庆永川万达广场店,9745.45,56,重庆市,303,重庆市,32
775,CGV影城 上海莘庄店,9743.67,36,上海市,199,上海市,49
776,吴忠万达广场店,9736.79,50,宁夏,272,吴忠市,36
777,天津百丽宫影城陆家嘴店,9709.45,42,天津市,270,天津市,36
778,邢台万达广场店,9689.54,51,河北省,339,邢台市,29
779,泉州沃美影城,9686.53,31,福建省,315,泉州市,31
780,万象影城西安万象天地HALO巨幕店,9684.46,28,陕西省,245,西安市,40
781,济南鲁信影城和谐广场店,9680.59,43,山东省,333,济南市,29
782,唐阁影城-北京亦庄店,9669.07,42,北京市,236,北京市,41
783,幸福蓝海国际影城苏州绿宝店,9668.27,54,江苏省,252,苏州市,38
784,广州市花都区麦希国际影城,9667.0,45,广东省,320,广州市,30
785,晋中市幸福蓝海榆次影城,9665.52,46,山西省,417,晋中市,23
786,哈尔滨万达影城乐松广场店,9654.16,43,黑龙江,348,哈尔滨市,28
787,北京保利国际影城东坝店,9652.65,38,北京市,226,北京市,43
788,昆明万达影城新迎新城店,9642.58,50,云南省,287,昆明市,34
789,上海市中影国线影城,9635.24,40,上海市,247,上海市,39
790,佛山百老汇影城寰宇店,9629.02,25,广东省,270,佛山市,36
791,上海比高电影城（古北店）,9616.02,50,上海市,228,上海市,42
792,嘉兴万达广场店,9594.31,32,浙江省,310,嘉兴市,31
793,北京保利国际影城大兴金星店,9586.05,41,北京市,228,北京市,42
794,重庆英嘉国际影城（观音桥CINITY店）,9576.26,78,重庆市,347,重庆市,28
795,北京万达影城望京保利光魔店,9573.88,31,北京市,198,北京市,48
796,常熟万达广场店,9571.59,55,江苏省,274,苏州市,35
797,中影国际影城天津津南店,9563.99,46,天津市,303,天津市,32
798,银川沃美影城金凤店,9559.48,56,宁夏,210,银川市,46
799,长春宽城万达广场店,9557.35,56,吉林省,316,长春市,30
800,成都万达影城简阳旭海广场店,9541.63,35,四川省,277,成都市,34
801,苏州万达影城奥体中心店,9536.32,38,江苏省,249,苏州市,38
802,南昌万达影城王府井店,9533.02,43,江西省,376,南昌市,25
803,至潮影城（天津印象城店）,9531.52,23,天津市,429,天津市,22
804,中影国际影城天津西青永旺店,9526.02,41,天津市,299,天津市,32
805,大地影院西安雁塔金莎国际,9523.04,38,陕西省,310,西安市,31
806,郑州市奥斯卡影城龙子湖博雅广场店,9519.98,34,河南省,296,郑州市,32
807,SFC上影影城（金桥太茂店）,9518.93,33,上海市,163,上海市,58
808,上海保利世博店,9513.45,56,上海市,207,上海市,46
809,沈阳万达影城太原街悦荟广场店,9509.19,34,辽宁省,319,沈阳市,30
810,西亚影城商城店,9505.99,18,河南省,329,信阳市,29
811,昆明横店电影城大悦城店,9499.97,61,云南省,296,昆明市,32
812,周口开元万达广场店,9496.06,43,河南省,349,周口市,27
813,昆明万达影城正义坊店,9492.62,46,云南省,325,昆明市,29
814,荆门万达广场店,9490.44,56,湖北省,330,荆门市,29
815,CGV影城 南京华采天地店,9488.09,36,江苏省,183,南京市,52
816,UME影城（芜湖镜湖店）,9486.93,37,安徽省,330,芜湖市,29
817,上海百丽宫影城北外滩来福士店,9479.03,21,上海市,135,上海市,70
818,SFC上影影城（百联川沙店）,9477.98,36,上海市,176,上海市,54
819,镇江苏宁影城中山东路店,9471.74,44,江苏省,358,镇江市,26
820,滨州万达广场店,9467.22,68,山东省,313,滨州市,30
821,保利国际影城北京天安门店,9465.32,49,北京市,223,北京市,42
822,万象影城临沂万象汇LUXE店,9464.01,36,山东省,288,临沂市,33
823,西安奥斯卡阳光国际影城,9449.5,40,陕西省,190,西安市,50
824,昆明星轶影院,9444.47,34,云南省,262,昆明市,36
825,阳江市保利影城,9439.06,44,广东省,323,阳江市,29
826,沈阳铁西万达广场店,9432.52,33,辽宁省,304,沈阳市,31
827,宿迁万达广场店,9429.05,55,江苏省,259,宿迁市,36
828,宁波影都（鄞州印象城店）,9381.96,29,浙江省,229,宁波市,41
829,武汉市新璇宫影城（江汉路店）,9373.04,65,湖北省,383,武汉市,24
830,中影国际影城合肥正大广场店,9356.27,42,安徽省,328,合肥市,29
831,石河子万达广场店,9354.83,48,新疆,273,新疆直辖县级市,34
832,幸福蓝海国际影城南通圆融店,9351.87,36,江苏省,224,南通市,42
833,成都苏宁影城春熙路店,9351.53,110,四川省,276,成都市,34
834,天津市星轶STARX影城（津南吾悦广场旗舰店）,9346.6,42,天津市,254,天津市,37
835,华夏影城开平东汇城店,9346.19,39,广东省,318,江门市,29
836,博纳国际影城苏州吴中龙湖店,9343.08,41,江苏省,238,苏州市,39
837,CGV影城 上海复地活力城店,9334.46,35,上海市,167,上海市,56
838,中影国际影城北京小西天店,9332.96,18,北京市,262,北京市,36
839,太原奥斯卡国际影城,9325.11,46,山西省,303,太原市,31
840,UME影城（南京玄武门店）,9297.99,45,江苏省,312,南京市,30
841,娄底左岸国际电影城,9295.07,31,湖南省,295,娄底市,32
842,长春万达影城栖乐荟广场店,9293.76,43,吉林省,326,长春市,29
843,无锡百美汇影城恒隆广场店,9292.69,38,江苏省,210,无锡市,44
844,宁海县万象国际影城,9286.1,39,浙江省,353,宁波市,26
845,深圳龙岗万达广场店,9283.5,43,广东省,229,深圳市,41
846,西安市M3电影城堡,9261.16,46,陕西省,281,西安市,33
847,成都崇州万达广场店,9256.53,41,四川省,257,成都市,36
848,朔州万达广场店,9247.34,36,山西省,254,朔州市,36
849,杭州金象时代影城,9243.08,38,浙江省,258,杭州市,36
850,无锡海岸影城,9240.07,39,江苏省,277,无锡市,33
851,武汉洪山天河国际影城,9237.11,49,湖北省,446,武汉市,21
852,北京市ACE影城后沙店,9236.28,61,北京市,192,北京市,48
853,金逸影城秦皇岛海港店,9225.02,32,河北省,263,秦皇岛市,35
854,中影国际影城中山完美金鹰广场店,9210.2,45,广东省,247,中山市,37
855,西安喜满客影城汉神广场店,9210.01,62,陕西省,241,西安市,38
856,贵阳横店电影城,9205.48,36,贵州省,302,贵阳市,30
857,蕲春县大中华电影城,9194.98,34,湖北省,277,黄冈市,33
858,CGV影城 昆明呈贡店,9193.01,33,云南省,246,昆明市,37
859,大连百丽宫影城恒隆广场店,9189.33,46,辽宁省,230,大连市,40
860,淄博沃美影城,9181.6,39,山东省,288,淄博市,32
861,CGV影城 武汉永旺金桥店,9179.8,34,湖北省,223,武汉市,41
862,中都影城衡水怡然城店,9174.21,41,河北省,297,衡水市,31
863,邓州奥斯卡影城,9169.98,25,河南省,291,南阳市,32
864,武商十堰国际电影城,9140.01,47,湖北省,329,十堰市,28
865,金逸影城天津大港IMAX店,9139.83,36,天津市,233,天津市,39
866,湛江万达影城华都汇广场店,9138.36,44,广东省,294,湛江市,31
867,海口市恒视巨幕影城,9133.45,48,海南省,282,海口市,32
868,贵阳沃美影城,9123.53,49,贵州省,215,贵阳市,42
869,天津大吉利影城白堤路店,9107.68,40,天津市,323,天津市,28
870,马鞍山万达广场店,9099.2,49,安徽省,326,马鞍山市,28
871,杭州市新天地寰耀影城,9097.45,37,浙江省,211,杭州市,43
872,公主岭市吉视影城,9089.05,26,吉林省,359,四平市,25
873,金逸影城杭州影视中心IMAX店,9078.76,54,浙江省,202,杭州市,45
874,北京横店影视电影城,9063.99,36,北京市,249,北京市,36
875,合肥瑶海万达广场店,9051.26,50,安徽省,305,合肥市,30
876,东影时代影城吉安店,9025.0,24,江西省,275,吉安市,33
877,UME影城（南通中南CBD店）,9023.99,48,江苏省,234,南通市,39
878,乌鲁木齐高新区万达广场店,9015.65,50,新疆,242,乌鲁木齐市,37
879,华谊兄弟合肥影院（滨湖店）,9003.67,36,安徽省,341,合肥市,26
880,金逸影城吉安天虹店,9003.4,27,江西省,282,吉安市,32
881,卢米埃洛阳王府井影城,8996.82,28,河南省,335,洛阳市,27
882,随州万达广场店,8990.81,44,湖北省,274,随州市,33
883,文昌市中视国际影城耀龄店,8975.57,34,海南省,259,海南省直辖县级市,35
884,岳阳万达影城步步高广场店,8959.95,34,湖南省,265,岳阳市,34
885,CGV影城 西安万象城店,8959.41,39,陕西省,230,西安市,39
886,CGV影城 武汉凯德西城店,8958.85,42,湖北省,230,武汉市,39
887,CGV影城 广州北京路店,8951.11,40,广东省,210,广州市,43
888,东莞寰时影城汇一城店,8949.14,40,广东省,284,东莞市,32
889,中影国际影城合肥中环店,8939.2,38,安徽省,273,合肥市,33
890,华联国际影城（双流店）,8937.97,51,四川省,328,成都市,27
891,泌阳县奥斯卡泰联国际影城,8926.97,38,河南省,283,驻马店市,32
892,广州市脉铂影城太和店,8926.69,47,广东省,322,广州市,28
893,德阳太平洋影城洋洋店,8912.02,35,四川省,343,德阳市,26
894,广州万达影城番禺奥园广场店,8910.35,40,广东省,272,广州市,33
895,橙天嘉禾影城杭州来福士店,8906.02,42,浙江省,230,杭州市,39
896,广州耀莱成龙影城（增城新塘店）,8906.0,35,广东省,296,广州市,30
897,保定华隶影城（华创店）,8905.05,43,河北省,349,保定市,26
898,嘉善县中影星美CGS影城,8902.53,53,浙江省,316,嘉兴市,28
899,广州市博纳院线影城·雅乐城店,8892.24,41,广东省,312,广州市,29
900,完美世界影城（长春中东店）,8892.03,49,吉林省,325,长春市,27
901,长春市合心镇吉影影城,8885.0,42,吉林省,292,长春市,30
902,哈尔滨金安高宝影城,8884.44,22,黑龙江,329,哈尔滨市,27
903,本溪万达广场店,8883.06,37,辽宁省,300,本溪市,30
904,CGV影城 武汉金银潭店,8876.45,37,湖北省,214,武汉市,41
905,郑州市好莱坞影城（新田360新都会店）,8873.62,49,河南省,192,郑州市,46
906,常州星轶影城（金坛吾悦广场IMAX店）,8872.79,28,江苏省,249,常州市,36
907,万象影城东莞松山湖万象汇杜比巨幕店,8872.31,26,广东省,199,东莞市,45
908,郑州市金汇影城,8860.41,79,河南省,332,郑州市,27
909,CGV影城 武汉奥山店,8854.66,47,湖北省,262,武汉市,34
910,卢米埃长沙王府井影城,8852.41,28,湖南省,252,长沙市,35
911,邳州新华角川国际影城新苏店,8840.09,31,江苏省,332,徐州市,27
912,完美世界影城（沧州华北店）,8831.8,35,河北省,308,沧州市,29
913,伊金霍洛旗中环时代影城,8824.5,47,内蒙古,159,鄂尔多斯市,56
914,CGV影城 长沙梅溪湖店,8820.33,36,湖南省,190,长沙市,46
915,红星太平洋影城福州仓山店,8803.18,34,福建省,274,福州市,32
916,郑州市奥斯卡光合VIP国际影城,8800.82,54,河南省,384,郑州市,23
917,青岛西海岸电影城家佳源店,8794.96,55,山东省,322,青岛市,27
918,橙天嘉禾影城武汉M+购物广场店,8790.01,39,湖北省,406,武汉市,22
919,忻州市横店电影城开来欣悦店,8790.0,36,山西省,372,忻州市,24
920,济南万达影城融创茂店,8785.83,47,山东省,260,济南市,34
921,南阳耀莱成龙影城（孔明南路店）,8784.85,39,河南省,349,南阳市,25
922,武汉城市广场摩尔国际影城,8777.0,45,湖北省,294,武汉市,30
923,营口万达广场店,8773.37,48,辽宁省,283,营口市,31
924,北京剧院,8772.99,19,北京市,183,北京市,48
925,鹤壁银兴国际影城,8755.13,146,河南省,378,鹤壁市,23
926,广州市DY影城永旺梦乐城店,8747.81,48,广东省,247,广州市,35
927,大地影院秦皇岛世纪港湾,8745.85,45,河北省,288,秦皇岛市,30
928,中影国际影城长沙雨花凯德广场店,8745.02,34,湖南省,245,长沙市,36
929,CGV影城 南通万象城店,8742.75,39,江苏省,215,南通市,41
930,深圳市中影星美国际影城云城店,8739.02,38,广东省,229,深圳市,38
931,东莞长安万达广场店,8727.35,51,广东省,241,东莞市,36
932,南京江宁万达广场店,8719.42,61,江苏省,272,南京市,32
933,赣州市嘉莱国际影城,8709.96,36,江西省,293,赣州市,30
934,卢米埃上海紫荆影城,8706.01,22,上海市,288,上海市,30
935,亳州万达广场店,8688.72,56,安徽省,303,亳州市,29
936,保定金棕榈先天下国际影城,8669.01,57,河北省,368,保定市,24
937,天津保利万和影城恒隆广场店,8668.96,40,天津市,264,天津市,33
938,武汉市沃美影城（白沙洲店）,8664.94,42,湖北省,281,武汉市,31
939,北京嘉华美映影院,8662.04,46,北京市,239,北京市,36
940,长春万达影城繁荣路力旺中心店,8652.13,34,吉林省,305,长春市,28
941,CGV影城 哈尔滨学府店,8649.89,34,黑龙江,284,哈尔滨市,30
942,巨幕影城（武汉绿地中心缤纷城店）,8646.54,43,湖北省,295,武汉市,29
943,南昌市丁丁影城（红谷滩店）,8642.6,54,江西省,285,南昌市,30
944,CGV影城 泸州万象汇店,8637.55,31,四川省,212,泸州市,41
945,晟嘉国际影城杭州黄龙万科店,8632.96,79,浙江省,254,杭州市,34
946,金逸影城长沙大悦城店,8632.73,43,湖南省,212,长沙市,41
947,金逸影城湘潭步步高IMAX店,8630.9,26,湖南省,256,湘潭市,34
948,春天国际影城（万宁华亚欢乐城店）,8629.47,29,海南省,274,海南省直辖县级市,31
949,厦门奥斯卡东方影城,8628.86,55,福建省,241,厦门市,36
950,烟台开发区万达广场店,8625.85,59,山东省,266,烟台市,32
951,幸福蓝海国际影城珠海店,8624.01,34,广东省,243,珠海市,35
952,佛山越界思哲影城三水店,8619.45,45,广东省,248,佛山市,35
953,晋江万达影城SM广场店,8611.7,39,福建省,289,泉州市,30
954,SFC上影影城（世博店）,8609.14,35,上海市,203,上海市,42
955,卢米埃杭州银泰影城,8604.06,33,浙江省,220,杭州市,39
956,卢米埃深圳九方IMAX影城,8584.07,51,广东省,176,深圳市,49
957,北京博纳顺景国际影城（顺义店）,8582.75,54,北京市,197,北京市,44
958,惠州市凯狮国际影城,8576.95,32,广东省,328,惠州市,26
959,丽水市博纳院线影城·丽水银泰城店,8567.65,41,浙江省,298,丽水市,29
960,上海开元地中海影城,8562.05,29,上海市,268,上海市,32
961,南昌华影国际影城,8560.07,37,江西省,322,南昌市,27
962,阳新县维佳银兴国际影城,8553.85,52,湖北省,260,黄石市,33
963,武陟县中影好莱坞影城,8551.96,31,河南省,302,焦作市,28
964,北京耀莱成龙影城（马连道店）,8545.88,40,北京市,260,北京市,33
965,万象影城（贵阳万象汇HALO巨幕店）,8534.21,28,贵州省,193,贵阳市,44
966,广州市星汇电影城天河店,8530.88,57,广东省,348,广州市,25
967,中影国际影城燕郊永旺店,8526.68,46,河北省,286,廊坊市,30
968,阳江市东汇影城,8515.95,47,广东省,292,阳江市,29
969,成都双流万达广场店,8515.45,54,四川省,295,成都市,29
970,SFC上影影城（沭阳店）,8514.46,49,江苏省,281,宿迁市,30
971,金逸影城北京大兴春风里店,8502.99,42,北京市,227,北京市,37
972,绵阳博纳影院,8498.77,59,四川省,263,绵阳市,32
973,南宁南百国际影城,8474.4,89,广西,284,南宁市,30
974,鞍山万达广场店,8473.33,45,辽宁省,282,鞍山市,30
975,沈阳市唯米特影城,8471.0,132,辽宁省,226,沈阳市,37
976,长春市吉视欧亚三环影城,8467.31,43,吉林省,356,长春市,24
977,北京市中影CFR影城望京店,8458.75,54,北京市,219,北京市,39
978,台州万达广场店,8455.91,55,浙江省,245,台州市,35
979,蒙自喜悦国际影城,8454.98,40,云南省,246,红河哈尼族彝族自治州,34
980,营口鲅鱼圈万达广场店,8452.31,63,辽宁省,265,营口市,32
981,南京星轶STARX影城（建邺吾悦广场店）,8446.71,39,江苏省,223,南京市,38
982,大地影院长春這有山,8439.98,31,吉林省,270,长春市,31
983,邵阳骏维影城,8424.04,24,湖南省,313,邵阳市,27
984,西安保利博纳国际影城（朱雀店）,8420.05,35,陕西省,394,西安市,21
985,佛山万达影城乐平嘉洲广场店,8420.0,23,广东省,315,佛山市,27
986,清远万达广场店,8419.42,48,广东省,261,清远市,32
987,CGV影城 无锡八佰伴店,8419.04,41,江苏省,180,无锡市,47
988,SFC上影影城（西安大融城店）,8411.19,42,陕西省,199,西安市,42
989,上海市奉贤区横店电影城,8409.47,41,上海市,221,上海市,38
990,深圳市中影星美国际影城龙岗万科里店,8406.57,35,广东省,225,深圳市,37
991,深圳百丽宫影城南山来福士广场店,8401.99,24,广东省,186,深圳市,45
992,中影国际影城河源JJMALL店,8400.06,27,广东省,290,河源市,29
993,环影天地影城佛山映月湖店,8396.95,60,广东省,241,佛山市,35
994,石家庄长安万达广场店,8390.84,48,河北省,303,石家庄市,28
995,德阳万达广场店,8381.22,60,四川省,261,德阳市,32
996,青岛李沧万达广场店,8381.02,62,山东省,303,青岛市,28
997,武威万达广场店,8365.67,52,甘肃省,227,武威市,37
998,金逸影城天津奥城店,8357.81,41,天津市,321,天津市,26
999,南京星轶影城（保利樾广场钻石店）,8354.24,29,江苏省,252,南京市,33
1000,玉环星轶影城(吾悦广场STARX店),8345.7,30,浙江省,213,台州市,39
